Date,BKNG ,AMGN ,VNO ,MA ,VRTX ,HRB ,COG ,ORLY ,LLY ,CPRT ,QCOM ,BIIB ,TXN ,MCO ,V ,EBAY ,AAPL ,NKE ,MSFT ,MNST 
2018-12-10,1826.0100100000002,188.361832,67.372238,196.963974,173.779999,26.752292999999998,24.867781,338.059998,111.57116699999999,48.34,55.19989,319.440002,91.241447,144.277802,137.000916,28.5488,167.089478,71.75013,106.02233899999999,56.950001
2018-12-11,1852.3499760000002,190.390152,67.208969,196.64573700000003,173.229996,26.637146,24.769451,342.570007,111.97213,48.560001,55.305965,319.790009,91.96126600000001,143.941238,135.93774399999998,28.617758000000002,166.13385,72.79900400000001,107.007774,57.580002
2018-12-12,1856.1500239999998,190.613358,65.72994200000001,199.18161,175.449997,26.905821000000003,24.041803,353.630005,111.815651,49.259997999999996,55.662785,322.609985,93.196617,146.93071,136.921432,28.607906,166.596878,73.541145,107.49063899999999,57.439999
2018-12-13,1833.069946,191.70031699999998,66.104507,197.858994,173.419998,25.936672,23.717316,354.559998,112.324173,49.380001,56.019592,320.140015,93.2258,147.44545,136.663071,28.588205,168.419479,72.16571,107.85524,53.43
2018-12-14,1807.140015,186.401443,65.65310699999999,194.249084,170.059998,25.888695000000002,22.920834,348.170013,109.45886999999999,48.040001000000004,55.566345,314.549988,91.688896,144.050125,134.228714,28.479843,163.030457,71.76990500000001,104.485077,52.689999
2018-12-17,1739.52002,184.47018400000002,63.194485,189.396088,166.169998,25.169031,22.232521,340.940002,105.96768200000001,47.189999,54.968444999999996,313.100006,89.41272,139.961807,130.56221000000002,28.056238,161.51326,69.167465,101.390823,51.25
2018-12-18,1769.4200440000002,181.578125,63.655471999999996,190.549652,163.429993,24.967527,22.566845,344.100006,104.14874300000001,46.959998999999996,55.720645999999995,294.75,91.96126600000001,140.76364099999998,131.814209,28.075940999999997,163.61174,70.40436600000001,102.455093,51.23
2018-12-19,1736.630005,180.015656,61.974766,186.084488,158.66000400000001,24.08474,22.183355,340.390015,106.701126,47.040001000000004,54.669487,292.690002,88.060638,138.090912,130.423111,27.87892,158.508408,68.247215,102.179176,49.439999
2018-12-20,1705.180054,179.501297,60.918327000000005,181.698914,161.300003,23.5282,22.055529,332.690002,106.877151,46.860001000000004,54.360896999999994,292.329987,87.632637,135.28949,127.93905600000001,27.573529999999998,154.508499,66.822304,100.030937,49.209998999999996
2018-12-21,1633.390015,174.891495,59.852276,174.220505,156.5,22.971659,22.429182,330.570007,107.004272,45.900002,52.89506899999999,280.600006,87.943924,131.240814,123.467758,26.184509,148.498795,71.611588,96.79872900000001,48.23
2018-12-24,1616.829956,173.134903,57.80661800000001,173.683487,151.91000400000001,22.674198,21.790035,327.410004,104.393227,44.939999,51.737843,278.5,85.405113,128.043442,120.95388799999999,25.751054999999997,144.65653999999998,67.38633,92.758461,47.950001
2018-12-26,1703.25,182.315704,59.737030000000004,185.398315,161.83999599999999,23.835257000000002,23.196158999999998,344.450012,108.637405,47.43,53.965515,295.170013,90.44381700000001,135.269699,129.399689,27.435614,154.843475,72.244881,99.09477199999999,49.099998
2018-12-27,1717.800049,184.712799,59.400887,187.645828,162.369995,24.10393,23.373155999999998,343.119995,110.397659,47.82,54.090881,294.410004,91.251175,138.53637700000002,131.16835,27.612935999999998,153.83856200000002,72.89795699999999,99.705742,49.439999
2018-12-28,1715.8299559999998,185.100998,59.650597,185.129807,161.419998,24.209478,22.566845,342.100006,111.67874099999999,47.52,54.785217,293.519989,91.251175,137.942429,130.105164,27.819810999999998,153.917389,72.571411,98.927246,49.040001000000004
2018-12-31,1722.4200440000002,188.92472800000002,59.573753,187.606018,165.71000700000002,24.343819,21.976862,344.329987,113.16518400000001,47.779999,54.881653,300.920013,91.92235600000001,138.625458,131.09878500000002,27.652340000000002,155.405045,73.363029,100.090057,49.220001
2019-01-02,1721.699951,186.23646499999998,57.969887,188.69001799999998,164.080002,24.545322,23.137163,341.149994,112.343727,47.68,55.354191,304.690002,91.87371800000001,139.427277,132.072525,28.420734000000003,155.582367,73.283867,99.646614,48.759997999999996
2019-01-03,1663.119995,183.402634,57.816223,180.177368,163.729996,23.691323999999998,22.989666,346.130005,108.852554,46.889998999999996,53.714775,307.0,86.45564300000001,134.804443,127.31308700000001,27.898621000000002,140.08522,71.98761,95.98082,48.0
2019-01-04,1717.550049,189.67201200000002,58.786228,188.709885,172.699997,24.430178,22.743839,341.820007,112.128593,48.560001,54.582694999999994,318.329987,90.365997,141.83273300000002,132.79788200000002,28.53895,146.06535300000002,73.867699,100.444817,49.790001000000004
2019-01-07,1711.819946,192.22438,59.909901,190.161819,175.850006,24.276648,23.668146,339.690002,112.734894,48.830002,54.428398,322.399994,91.92235600000001,142.357376,135.19252,29.031507,145.740265,74.92648299999999,100.57292199999999,49.73
2019-01-08,1686.9200440000002,194.68940700000002,61.48495500000001,191.54650900000001,178.190002,24.420582,24.012304,336.070007,113.7715,49.630001,53.955868,324.440002,91.80561800000001,144.42627,135.92781100000002,29.553622999999998,148.518509,75.925896,101.302139,52.830002
2019-01-09,1649.48999,194.456482,61.57139599999999,195.023193,182.300003,24.641279,23.45182,343.540009,114.622299,50.299999,54.592342,326.630005,93.614891,144.911316,137.52754199999998,29.839308000000003,151.040604,75.78735400000001,102.75071700000001,53.330002
2019-01-10,1677.329956,196.698303,62.454967,196.198685,186.029999,24.564514000000003,23.717316,343.440002,113.380325,50.599998,54.775574,331.190002,95.05452,147.534561,137.785873,30.115143,151.523376,75.619141,102.090485,53.259997999999996
2019-01-11,1665.890015,194.640884,62.560607999999995,195.152695,188.16000400000001,24.737236,23.776310000000002,338.730011,113.615036,50.66,55.450626,333.209991,95.900787,147.465256,137.17976399999998,29.957521000000003,150.035706,75.243126,101.302139,54.369999
2019-01-14,1692.880005,190.97245800000002,61.48495500000001,194.684479,183.91000400000001,24.535726999999998,24.248297,341.149994,112.14814799999999,49.919998,55.257748,330.420013,93.702438,147.712738,136.225906,29.760498,147.779602,75.29259499999999,100.56307199999999,54.150002
2019-01-15,1698.310059,193.495712,61.878723,195.770325,186.679993,24.315031,24.38596,344.149994,114.504944,49.360001000000004,53.743706,337.540009,94.966972,151.68222,136.46434,30.213654,150.804169,77.063843,103.47995,54.759997999999996
2019-01-16,1680.569946,193.020172,62.589424,197.01556399999998,186.149994,24.017572,24.61212,344.0,114.221352,49.32,53.300102,332.02999900000003,94.51951600000001,153.830307,136.46434,29.839308000000003,152.64648400000002,76.865944,103.844551,53.810001
2019-01-17,1724.5100100000002,195.960739,62.791103,198.54968300000002,190.520004,24.219076,24.838279999999997,348.22000099999997,116.529243,49.740002000000004,52.817924,338.339996,94.87943299999999,156.265457,136.404755,29.927967,153.552872,78.30074300000001,104.573769,54.27
2019-01-18,1760.2600100000002,197.86293,63.76112,201.229416,194.699997,24.5933,25.192268,351.5,114.015976,50.060001,53.300102,337.420013,96.708145,157.789902,137.616974,30.538742,154.498657,79.606903,106.140602,55.580002
2019-01-22,1708.97998,196.018982,63.453784999999996,198.699112,193.880005,24.065548,24.789112,345.450012,114.504944,49.639998999999996,52.35503,338.959991,93.984535,153.9095,137.16983000000002,32.410477,151.030777,79.903763,104.140175,55.48
2019-01-23,1744.310059,195.611374,63.03120799999999,197.593353,189.889999,24.343819,24.611626,347.899994,116.16741200000001,49.27,49.924847,337.22000099999997,92.885338,153.24624599999999,136.136459,32.124790000000004,151.64158600000002,79.65638,105.15516699999999,55.18
2019-01-24,1795.6700440000002,195.03878799999998,63.127254,199.02783200000002,186.580002,24.660470999999998,25.124369,339.940002,112.45129399999999,49.509997999999996,48.999065,332.869995,99.30532099999999,152.563248,136.822052,32.164196000000004,150.439636,79.597015,104.652603,55.360001000000004
2019-01-25,1802.199951,192.903717,64.223511,202.16583300000002,189.5,24.861975,25.548367000000002,337.440002,112.431747,50.080002,49.4716,336.769989,101.562035,154.94889799999999,137.785873,33.218272999999996,155.424744,79.76522800000001,105.60846699999999,55.849998
2019-01-28,1813.5999760000002,186.284973,65.125748,199.396439,188.08999599999999,24.718044,25.15395,335.670013,112.490417,49.84,48.835121,330.01001,99.879234,154.30548100000001,135.122971,33.513805,153.98635900000002,79.478279,103.548927,55.560001
2019-01-29,1808.800049,186.44026200000002,65.698135,198.479965,186.380005,24.612492,25.262415,339.23999,113.15541100000002,49.580002,47.63932,334.480011,98.585503,153.57293700000002,134.139282,33.188721,152.39032,79.37931800000001,101.440102,55.48
2019-01-30,1818.699951,179.404236,66.69738000000001,203.24173000000002,187.050003,24.487751,24.996183,345.679993,114.35826100000001,50.139998999999996,48.381873999999996,327.859985,100.114571,154.889511,136.722702,33.572918,162.80386399999998,80.428207,104.82997900000001,56.220001
2019-01-31,1832.810059,181.58783,67.822746,210.3246,190.91000400000001,22.635815,24.601767000000002,344.660004,117.213776,50.630001,47.755043,333.77999900000003,98.683525,156.908905,134.149216,33.149319,163.97624199999998,81.021919,102.908394,57.240002000000004
2019-02-01,1836.959961,181.549026,67.483192,212.954529,191.520004,23.019636,24.720091,346.75,118.221046,50.919998,47.841834999999996,330.910004,99.967552,158.58183300000002,139.256454,33.799496000000005,164.055069,80.6558,101.282433,57.950001
2019-02-04,1860.9899899999998,180.685272,68.113785,214.090179,187.979996,22.664602,24.542603,356.170013,117.51693700000001,51.529999,47.91898,334.070007,99.781319,159.04705800000002,140.597855,34.528484000000006,168.71504199999998,81.130775,104.19929499999999,58.18
2019-02-05,1902.2600100000002,182.752426,68.395126,215.03656,187.020004,22.962065,24.414419,358.209991,117.77121000000001,51.84,48.921917,336.98999,100.291,161.12587,141.621262,34.804317,171.601685,81.991653,105.65774499999999,57.610001000000004
2019-02-06,1906.930054,185.13011200000003,67.677223,214.47869900000003,182.389999,23.038828,23.80307,353.619995,116.636803,51.93,49.278728,333.23999,104.368515,160.066666,140.587906,34.95208,171.660797,81.84322399999999,104.485077,57.360001000000004
2019-02-07,1877.060059,178.792847,67.764526,213.153748,180.179993,23.010042000000002,23.388931,365.459991,114.905891,51.290001000000004,48.748329,308.730011,101.80046800000001,159.136169,139.276321,34.725506,168.409653,81.526573,103.736145,57.43
2019-02-08,1871.089966,180.51058999999998,67.81304200000001,215.75379900000001,181.33999599999999,22.942873000000002,23.615725,360.230011,116.959526,51.73,48.497597,315.119995,102.476784,159.40344199999998,139.485001,34.735359,168.607529,81.496887,104.130325,57.889998999999996
2019-02-11,1865.0,180.306778,67.977959,216.27182000000002,181.529999,22.971659,24.069304000000002,366.679993,115.40463999999999,52.189999,49.018349,316.869995,102.682625,160.16568,139.902298,35.060452000000005,167.637878,82.803055,103.71644599999999,58.0
2019-02-12,1895.290039,182.86888100000002,66.551857,218.074921,184.009995,23.096401,24.365114000000002,378.48999,116.851952,53.259997999999996,49.818764,319.429993,104.329308,161.502014,141.084702,35.651524,169.08244299999998,83.822266,105.33255,58.889998999999996
2019-02-13,1919.969971,183.402634,66.833191,219.6987,185.25,23.269123,24.24679,377.420013,117.008423,53.41,49.751265999999994,321.540009,105.025223,162.947281,142.575165,35.720478,168.379944,84.50503499999999,105.253716,59.310001
2019-02-14,1902.3299559999998,182.57135,66.231712,218.971481,185.720001,23.221146,24.374976999999998,383.049988,118.72413600000002,53.93,49.731978999999995,324.709991,104.848793,162.07617199999999,142.495529,35.779587,168.99340800000002,83.79257199999999,105.34240700000001,58.630001
2019-02-15,1933.569946,184.194824,66.745888,221.262695,188.070007,23.125191,24.877859,388.0,120.425125,54.029999,50.127361,332.869995,105.43690500000001,167.55029299999998,144.237411,36.035717,168.617432,84.485237,106.643166,58.720001
2019-02-19,1935.5,182.85498,66.736183,219.748505,186.860001,23.230738,24.828556,384.540009,120.08098600000001,53.32,50.156296000000005,333.0,105.15264099999999,166.263458,143.769577,36.498721999999994,169.12200900000002,83.68373100000001,106.59389499999999,58.23
2019-02-20,1926.1700440000002,182.806061,65.95037099999999,220.266525,187.83999599999999,22.933277,24.601767000000002,383.579987,120.602104,53.48,50.580616,335.160004,105.79956100000001,167.748291,144.058243,36.19334,170.210388,83.95089,106.039703,58.700001
2019-02-21,1906.310059,181.417328,66.377228,218.47338900000003,183.059998,23.576178,24.197489,380.5,120.66109499999999,56.529999,50.484173,321.170013,104.525337,168.876785,143.331635,36.429768,169.250656,83.07022099999999,108.276283,58.880001
2019-02-22,1910.52002,183.373306,66.833191,222.468094,185.759995,24.065548,23.921398,383.98999,121.91961699999999,58.290001000000004,51.226729999999996,325.329987,105.182045,171.458084,145.192932,36.932182,171.14044199999998,83.871735,109.82011399999999,58.439999
2019-02-25,1890.030029,185.632462,66.212303,222.468094,186.330002,23.269123,24.542603,375.160004,121.811462,59.209998999999996,51.101372,327.480011,106.044601,171.25950600000002,145.38205,36.784405,172.387115,84.277451,110.43368500000001,58.540001000000004
2019-02-26,1915.72998,185.896515,65.562309,223.14549300000002,188.919998,23.288311,24.759532999999998,378.040009,122.578369,58.91,51.139938,327.619995,105.14283799999998,171.249588,146.357498,36.823814,172.486053,84.900841,111.19570900000001,58.740002000000004
2019-02-27,1906.0,187.207047,64.883202,223.713333,189.809998,23.336288,24.414419,367.959991,123.571426,58.48,51.149582,328.890015,103.613777,172.351608,146.536682,37.02084,173.02034,85.266968,111.007675,58.740002000000004
2019-02-28,1697.040039,185.896515,65.30036899999999,223.912552,188.75,23.173166000000002,24.276375,371.959991,124.171196,58.669998,51.487109999999994,328.01001,103.682396,171.87506100000002,147.432495,36.734089000000004,171.31854199999998,84.83157299999999,110.869133,63.830002
2019-03-01,1714.0799559999998,186.95275900000001,64.83470200000001,226.38311800000002,192.16000400000001,23.163567999999998,24.887718,371.089996,126.67841299999999,58.400002,52.268242,334.100006,104.642967,174.406723,148.776245,36.931843,173.119278,86.468491,111.363945,64.739998
2019-03-04,1707.819946,185.603134,65.571999,225.426758,190.03999299999998,22.962065,24.986324,370.480011,125.32157099999999,58.080002,51.863205,327.26001,105.270271,171.001389,147.273254,36.832966,173.98998999999998,84.960548,111.096748,65.019997
2019-03-05,1745.930054,184.664261,65.863052,225.357025,187.800003,22.923681,25.3906,374.799988,126.33429699999999,58.110001000000004,52.017506,326.869995,104.456726,169.82988,147.26328999999998,36.704421999999994,173.67337,84.76213800000001,110.542549,62.619999
2019-03-06,1751.619995,179.119034,65.95037099999999,223.613708,181.110001,22.578245000000003,25.055346,372.359985,124.554649,57.740002000000004,53.46135699999999,317.97000099999997,103.32952900000001,168.926407,147.123932,36.397892,172.674057,84.45459,110.592033,61.740002000000004
2019-03-07,1725.0100100000002,177.466248,65.571999,221.561569,178.610001,23.182760000000002,24.769396,369.410004,124.22036000000001,58.27,52.710163,315.290009,102.868851,168.14209,146.148483,35.804611,170.675415,84.58356500000001,109.246124,61.59
2019-03-08,1715.819946,176.889206,65.620522,221.02360499999998,177.259995,23.940804999999997,24.325674,364.100006,124.57431799999999,58.240002000000004,52.222378000000006,307.929993,102.780632,168.717941,146.666092,35.488194,171.081085,84.12722,109.364876,60.610001000000004
2019-03-11,1709.9000239999998,180.087265,66.503349,224.779236,180.520004,23.864042,24.552464,366.339996,121.428001,58.919998,53.022346,311.459991,104.339096,170.30641200000002,149.970673,35.844162,177.007706,85.139122,111.660843,61.189999
2019-03-12,1736.0,180.126373,67.056335,226.07428,182.570007,23.153973,25.163811,365.51001,121.428001,59.16,53.500381000000004,312.72000099999997,104.407715,171.19001799999998,151.02574199999998,35.873825,178.996475,84.752205,112.44265700000001,60.23
2019-03-13,1760.709961,183.226608,67.017525,227.628326,185.66000400000001,23.230738,25.61739,367.329987,122.224419,59.669998,54.036942,320.559998,105.446701,172.31188999999998,151.762314,36.051811,179.787994,85.248245,113.31354499999999,59.77
2019-03-14,1743.880005,183.627579,66.416039,228.63447599999998,186.110001,23.269123,25.686413,368.160004,121.01505300000001,59.200001,54.0467,321.519989,104.976219,173.72168,153.484283,35.943042999999996,181.786621,86.18079399999999,113.402603,59.669998
2019-03-15,1752.1700440000002,187.031021,65.280968,230.288147,188.08999599999999,23.608461,25.568087,370.019989,121.860626,59.029999,55.217383999999996,329.869995,108.54402900000001,175.419388,154.738434,35.893603999999996,184.151337,86.111343,114.708931,60.27
2019-03-18,1756.3299559999998,187.099457,64.824997,229.51112400000002,187.479996,23.579373999999998,25.587811,375.799988,123.13880900000001,59.09,55.441768999999994,325.649994,107.632469,176.690186,154.240753,35.863941,186.031265,87.123245,116.35172299999999,60.599998
2019-03-19,1764.030029,187.275497,64.582466,230.12875400000001,181.759995,23.48242,25.597668,374.209991,124.46615600000001,58.869999,55.578345999999996,323.76001,107.83831,177.345444,153.872452,36.457218,184.557022,86.99427800000001,116.430893,57.919998
2019-03-20,1774.430054,186.91362,64.55336,229.013031,179.979996,23.075211,26.041389000000002,375.480011,126.009827,59.150002,55.763706000000006,320.589996,107.45603899999999,175.975357,153.03636200000003,36.289127,186.16978500000002,86.00222,116.302231,56.5
2019-03-21,1774.359985,187.66668700000002,65.5429,234.97023,182.559998,23.50181,26.218876,384.609985,126.157303,59.759997999999996,56.358803,226.88000499999998,109.99468999999999,180.681274,155.076859,36.783527,193.02645900000002,87.311752,118.97426599999999,54.200001
2019-03-22,1721.589966,182.590912,64.824997,229.879715,181.529999,23.395160999999998,25.597668,376.299988,126.147484,59.25,55.43200699999999,216.710007,107.505058,176.610764,152.359528,36.239684999999994,189.02920500000002,81.537918,115.837112,53.509997999999996
2019-03-25,1752.390015,182.483337,64.50484499999999,229.541016,183.850006,23.191557,26.021666,385.890015,127.69113200000001,59.529999,55.256409,220.25999500000003,104.986023,176.13421599999998,152.319702,36.308899,186.743637,81.676811,116.44079599999999,54.549999
2019-03-26,1768.869995,184.126358,65.21305100000001,232.40005499999998,189.91000400000001,23.550291,26.021666,384.679993,128.82183799999999,60.259997999999996,56.583187,232.91000400000001,106.181831,176.63061499999998,154.579178,36.486889,184.814255,82.718475,116.688202,55.619999
2019-03-27,1752.109985,182.219299,64.7668,231.632996,185.820007,23.666635999999997,25.932924,386.890015,126.609581,59.700001,55.519814000000004,229.94999700000002,103.868622,176.561111,153.504196,36.417667,186.47648600000002,82.430779,115.56001299999998,54.880001
2019-03-28,1728.890015,183.52002,65.504097,233.964081,182.419998,23.375771,25.992088,388.47000099999997,126.78656799999999,59.869999,55.168606000000004,232.82000699999998,102.829651,178.099976,153.952103,36.368229,186.723846,83.373245,115.71836100000002,54.459998999999996
2019-03-29,1744.910034,185.79873700000002,65.426491,234.551819,183.949997,23.210947,25.735716,388.299988,127.58298500000001,60.59,55.636879,236.38000499999998,103.966637,179.78775,155.46504199999998,36.724197,187.940842,83.541885,116.717896,54.580002
2019-04-01,1759.22998,187.549332,65.601112,238.138077,186.050003,23.589071,25.508926000000002,391.540009,126.884895,62.18,56.397827,232.49000499999997,106.48568,183.15335100000001,156.530075,37.258152,189.217209,84.553802,117.786697,53.279999
2019-04-02,1763.550049,188.194794,66.532455,238.34729,187.110001,23.695723,25.538507,394.329987,127.15036,63.16,56.67099,233.270004,108.09315500000001,183.719269,157.047653,37.495464,191.967804,83.700623,117.95494099999999,53.330002
2019-04-03,1774.930054,188.674026,66.794388,238.018539,187.889999,23.656939,25.13423,396.399994,124.918449,63.73,56.271,231.399994,110.514175,184.880844,157.724518,37.564682,193.283737,83.799835,118.72685200000001,52.59
2019-04-04,1780.5999760000002,188.097015,67.095139,235.15948500000002,184.149994,24.005976,25.459621,398.079987,123.502609,62.990002000000004,56.446606,235.039993,110.99446100000002,185.48646499999998,156.90831,37.624008,193.620117,84.603401,118.123177,52.869999
2019-04-05,1769.449951,191.109222,67.492897,235.72731000000002,188.889999,24.170799,25.804737,401.130005,124.859451,63.950001,56.573432999999994,241.72000099999997,111.376732,185.893509,156.918259,37.416359,194.91626000000002,84.72245,118.64769,52.880001
2019-04-08,1788.719971,190.59089699999998,66.513039,235.69740299999998,188.929993,24.393795,26.445665,401.98999,125.026604,64.639999,56.349045,239.74000499999997,112.935204,185.82402,157.017792,37.3867,197.983475,84.05776999999999,118.687271,53.07
2019-04-09,1794.469971,188.73271200000002,65.824242,235.33825699999997,188.309998,24.035065,26.761197999999997,399.910004,125.105263,64.239998,56.036861,237.580002,111.68058,185.31768799999998,156.759018,37.32737,197.389832,83.611336,118.043999,54.689999
2019-04-10,1806.0,189.62266499999998,65.863052,236.485474,190.369995,24.306534,26.771061,405.01001,125.056099,64.269997,54.953979000000004,240.27999900000003,112.641144,183.94761699999998,157.824051,37.297707,198.497971,84.206581,118.944572,54.970001
2019-04-11,1818.589966,187.881851,65.727234,235.46794100000002,185.119995,24.461660000000002,26.692177,407.850006,123.050331,64.889999,54.534485,233.830002,112.60193600000001,183.917831,157.127289,35.91338,196.845642,84.325623,119.083122,54.75
2019-04-12,1833.069946,187.207047,66.299614,238.251175,182.779999,25.00461,26.918965999999998,406.320007,120.995384,65.370003,55.558834,234.5,114.44465600000001,185.76445,158.899033,35.765053,196.766495,85.555786,119.696701,53.02
2019-04-15,1846.22998,186.991882,65.882462,238.570404,182.490005,25.266385999999997,26.97813,408.670013,121.998276,65.209999,55.783218000000005,232.36999500000002,112.807777,187.84936499999998,159.695328,35.82439,197.122681,86.14110600000001,119.79567,54.07
2019-04-16,1841.699951,183.911194,64.543663,239.50811800000002,179.740005,25.683292,27.047153,408.48999,117.947395,65.18,68.729057,228.72000099999997,114.062393,189.16978500000002,159.48628200000002,35.982594,197.142471,87.103409,119.51856200000002,54.200001
2019-04-17,1839.790039,178.45401,64.233215,240.41592400000002,166.970001,25.799637,26.662596,404.269989,114.545448,64.800003,77.148247,227.17999300000002,113.30766299999999,186.618271,159.695328,35.567299,200.981445,88.026031,120.508202,54.889998999999996
2019-04-18,1844.310059,173.564056,65.009331,240.306198,168.16000400000001,26.177761,25.765295000000002,399.459991,113.26725,65.059998,77.938461,226.38999900000002,113.219452,187.700439,159.416626,35.577187,201.70372,88.492302,122.091629,55.200001
2019-04-22,1844.1700440000002,172.478485,65.989166,242.460968,168.520004,25.896591,25.804737,393.309998,113.53273,64.989998,79.967651,228.809998,112.670547,186.737396,159.655502,35.745284999999996,202.366638,86.666893,122.477585,54.970001
2019-04-23,1887.72998,175.803665,67.648117,242.899902,175.369995,25.508772,25.824461,395.660004,115.518837,65.860001,84.601616,230.210007,114.072189,187.283447,160.90966799999998,36.259457,205.285416,86.736351,124.14018200000001,56.23
2019-04-24,1867.280029,174.375793,67.735428,244.69552599999997,172.580002,25.353645,25.745579,396.709991,116.020279,66.529999,84.708931,224.399994,116.081543,192.972229,160.74046299999998,38.088749,204.96881100000002,87.68873599999999,123.71463,56.82
2019-04-25,1866.2600100000002,176.507813,67.240654,245.01475499999998,174.610001,25.246996,25.646973000000003,380.0,116.246422,65.760002,82.99192,229.88999900000002,114.84652700000001,191.840439,160.272629,37.683338,203.10870400000002,86.865311,127.811722,57.900002
2019-04-26,1868.0,177.476028,67.764526,246.08215299999998,172.850006,26.012938000000002,26.287899,379.959991,117.85891000000001,66.860001,84.523575,230.52999900000003,114.88573500000001,194.153671,162.173752,37.930541999999996,202.139069,87.60936,128.544052,59.650002
2019-04-29,1876.319946,177.182632,66.648865,246.53108199999997,172.520004,26.206846,25.597668,375.0,117.59343,67.08000200000001,85.118668,229.38000499999998,114.38584099999999,193.299881,163.388092,37.821774,202.445786,87.559761,128.425308,58.689999
2019-04-30,1854.9899899999998,175.373352,67.07572900000001,253.62384,168.979996,26.381363,25.528645,378.570007,115.07638500000002,67.32,84.026031,229.24000499999997,115.493439,195.20606999999998,163.666779,38.316174,198.547455,87.13317099999999,129.24671899999998,59.599998
2019-05-01,1829.52002,172.263336,67.095139,248.147141,172.600006,25.64451,25.025764000000002,373.549988,116.197258,66.010002,84.260178,229.5,113.98397800000001,192.50561499999998,162.034409,37.376808000000004,208.293274,85.218491,126.55488600000001,57.939999
2019-05-02,1808.0,172.61541699999998,65.930954,246.590927,169.53999299999998,25.896591,24.759532999999998,381.02999900000003,116.47256499999999,66.739998,85.011353,230.520004,115.130775,191.383759,160.37214699999998,37.169159,206.937759,84.593475,124.902199,57.990002000000004
2019-05-03,1824.069946,173.407578,65.921165,247.34909100000002,173.869995,25.838419000000002,25.015905,375.790009,114.94856999999999,67.110001,87.108841,231.17999300000002,115.90036,195.027374,161.287903,37.851437,209.510269,85.020073,127.564301,63.110001000000004
2019-05-06,1800.5100100000002,173.16308600000002,65.725235,248.03741499999998,174.759995,26.148674,25.114507999999997,375.76001,114.69293200000001,67.019997,86.094246,236.07000699999998,114.31186699999999,195.821609,161.526764,37.455917,206.274857,82.90696700000001,126.822083,62.619999
2019-05-07,1785.0,170.043289,65.264801,244.46607999999998,170.279999,26.032329999999998,25.144089,368.869995,113.011627,66.0,83.11874399999999,229.020004,112.407661,191.2547,159.466385,37.258152,200.714294,81.885147,124.21933700000001,61.599998
2019-05-08,1751.630005,168.361145,64.65741,244.735443,169.009995,25.712379000000002,25.222975,367.769989,114.299644,66.220001,82.474869,230.979996,111.05596899999999,190.63913,160.013809,37.119724,200.75386,82.113312,124.20945,61.68
2019-05-09,1736.030029,169.065292,64.912125,244.71546899999998,169.91000400000001,25.98385,25.57795,367.390015,113.857201,66.349998,81.733429,228.47000099999997,110.651443,187.52174399999998,159.068237,37.198826000000004,198.596924,82.321655,124.199554,61.919998
2019-05-10,1829.8499760000002,168.067749,65.343163,246.83033799999998,168.850006,26.361975,25.597668,364.790009,114.270149,66.870003,83.743111,226.229996,111.095436,187.630951,159.964066,36.96151,195.845673,83.283951,125.81266000000001,63.0
2019-05-13,1777.2600100000002,163.911301,64.745575,240.79501299999998,164.610001,26.342584999999996,25.479345000000002,354.850006,112.451187,65.230003,81.840744,225.66000400000001,105.678795,182.190338,156.599762,35.468414,184.46324199999998,81.875221,122.071831,62.34
2019-05-14,1793.6700440000002,164.116669,64.990494,245.343948,166.720001,26.313496,26.023563,353.809998,113.011627,65.800003,84.026031,229.17999300000002,107.583,185.39711,159.466385,36.388,187.383331,83.00617199999999,123.43753799999999,62.349998
2019-05-15,1789.430054,166.131317,65.382347,248.54615800000002,166.880005,26.565578000000002,26.082932999999997,353.399994,113.68021399999999,66.309998,84.152855,230.58999599999999,108.81629199999999,185.30777,162.034409,36.625316999999995,189.628036,83.34348299999999,125.175804,63.07
2019-05-16,1803.310059,167.610931,65.695847,252.805817,170.229996,26.604360999999997,25.993881,352.570007,115.415451,67.07,80.787132,230.86999500000002,107.750725,187.90892,164.35716200000002,36.852740999999995,188.793732,83.611336,128.066315,63.93
2019-05-17,1787.290039,167.601089,65.627266,251.93794300000002,168.729996,26.197153,25.894932,353.019989,114.70356000000001,65.599998,79.509132,229.27999900000003,105.36306,185.08187900000001,163.57959,36.486889,187.721039,83.899033,127.21208200000001,63.630001
2019-05-20,1752.22998,166.10173,64.676994,252.875656,165.729996,26.158369,26.171988,353.98999,114.92108200000001,65.360001,74.74834399999999,230.75999500000003,103.330597,183.92717,162.961517,36.150692,181.851028,82.19268000000001,125.37447399999999,63.610001000000004
2019-05-21,1772.189941,167.384079,65.166824,254.741119,169.119995,26.507403999999998,27.062527000000003,362.640015,115.26714299999999,65.940002,75.85073100000001,232.919998,105.57025900000001,186.853775,163.350296,36.170466999999995,185.33728,82.97641,126.04991899999999,63.740002000000004
2019-05-22,1745.02002,168.972183,65.803612,256.277405,172.369995,26.138979,26.320412,368.619995,116.651375,64.790001,67.61689799999999,235.039993,105.353195,189.00389099999998,163.729141,35.903492,181.54312099999999,82.539902,126.81475800000001,64.0
2019-05-23,1716.930054,169.77117900000002,65.823204,249.12475600000002,173.009995,26.391059999999996,25.340816,366.140015,115.494545,69.940002,66.592552,229.11000099999998,104.415894,183.75795,161.007599,35.54752,178.444244,81.984352,125.33474,63.23
2019-05-24,1708.47998,168.95245400000002,66.30323,250.87051400000001,171.770004,26.701317,25.429871,366.850006,115.47476999999999,70.989998,64.592636,227.059998,103.656181,184.255676,162.134109,35.725506,177.758911,81.508163,125.394333,63.419998
2019-05-28,1685.800049,166.55548100000001,65.97994200000001,252.815796,172.759995,26.274715000000004,25.429871,369.299988,114.45636699999999,71.699997,63.773151,225.539993,101.83090200000001,186.535217,163.20078999999998,35.814503,177.023911,80.555763,125.31488,62.27
2019-05-29,1685.9200440000002,166.88098100000002,65.059067,252.94547999999998,166.550003,25.722073,25.004391000000002,367.130005,114.189415,70.489998,64.153633,223.399994,102.758339,185.38050800000002,162.223816,35.695839,176.17965700000002,78.244263,124.103043,61.759997999999996
2019-05-30,1673.060059,166.742889,65.098251,253.57395899999997,170.259995,25.848114000000002,24.905441,372.309998,114.594803,71.550003,64.963348,223.77999900000003,104.031113,186.44563300000002,162.25370800000002,36.112759000000004,177.093445,78.631165,124.88775600000001,62.279999
2019-05-31,1656.219971,164.43469199999998,64.882736,250.88050800000002,166.179993,25.4506,24.757019,371.369995,114.634354,71.480003,65.187729,219.289993,102.916199,182.045792,160.828171,35.666061,173.8853,76.74099,122.85148600000001,61.860001000000004
2019-06-03,1650.459961,170.017792,65.25500500000001,241.672867,166.639999,25.789942,25.024181,374.22000099999997,115.454994,71.300003,65.03164699999999,223.36999500000002,103.764709,180.184311,158.106674,35.358337,172.127274,77.556747,119.037209,62.810001
2019-06-04,1747.030029,172.355576,65.14724,248.576096,171.270004,26.274715000000004,25.212183,374.899994,116.236099,72.370003,66.777908,227.0,107.661934,184.016754,161.825073,36.27158,178.424377,81.197823,122.334969,62.869999
2019-06-05,1765.0,172.178024,66.704887,255.63894700000003,173.270004,26.711012,25.014286,379.890015,115.702179,73.07,65.980469,226.08999599999999,108.01711999999999,185.987732,164.875549,36.291435,181.304733,82.29213,124.98709099999999,64.029999
2019-06-06,1754.859985,172.079391,66.79306,257.20513900000003,167.75,26.371671999999997,25.162708,381.049988,116.176773,73.739998,66.54162600000001,224.350006,108.71763600000001,188.048294,166.400772,36.5396,183.966614,82.023521,126.963753,63.84
2019-06-07,1778.290039,173.124969,66.979202,265.155792,173.509995,26.381363,25.172604,382.26001,117.017204,74.650002,67.624573,227.229996,109.68453999999998,189.043732,169.521057,37.234451,188.863251,82.978569,130.51976000000002,65.91999799999999
2019-06-10,1781.119995,173.194031,66.028931,265.455109,172.83999599999999,26.119587,23.925848000000002,385.02999900000003,112.64698,74.839996,69.445877,228.399994,111.125023,191.07441699999998,170.28866599999998,37.839973,191.27681,82.152855,131.71173100000001,65.75
2019-06-11,1803.630005,172.24707,65.33337399999999,263.02099599999997,172.0,26.934008000000002,23.737844,381.0,110.94635,73.690002,70.135017,229.080002,111.421021,189.01387,169.780228,37.949165,193.491714,82.829338,131.21508799999998,64.5
2019-06-12,1798.9000239999998,173.21376,65.372566,263.210571,170.630005,27.215176,23.470682,384.709991,113.942223,74.790001,68.510605,230.42999300000002,108.86563100000001,189.949585,171.056244,38.73336,192.875916,82.202591,130.609177,64.08000200000001
2019-06-13,1809.52002,174.308685,65.470528,260.566986,168.889999,27.564213,23.648789999999998,387.570007,110.560745,74.769997,68.845345,231.25999500000003,109.694405,191.482544,168.823227,38.713509,192.836166,83.17752800000001,131.43360900000002,60.599998
2019-06-14,1775.5,173.687241,64.85334,259.469666,170.220001,27.816296,23.520157,387.959991,110.48164399999999,73.809998,67.654114,227.669998,105.87611399999999,191.42283600000002,169.132263,38.624171999999994,191.43573,83.008408,131.56274399999998,61.330002
2019-06-17,1781.410034,175.96583600000002,65.88198100000001,258.57180800000003,173.779999,27.48665,23.74774,383.850006,112.122948,73.220001,68.038063,231.77999900000003,105.29400600000001,190.945023,169.032562,38.723434000000005,192.57794199999998,81.685287,131.960068,61.919998
2019-06-18,1808.9899899999998,179.142075,65.411743,258.18277,177.940002,27.602992999999998,23.629,385.329987,113.358871,73.370003,70.843849,233.00999500000003,109.556274,193.154877,168.753448,39.378586,197.107086,83.86395999999999,134.254578,62.119999
2019-06-19,1842.060059,180.28633100000002,65.744835,259.240204,181.75,27.748426000000002,23.817003,378.98999,113.93234299999999,74.07,70.68634,233.88999900000002,109.81280500000001,195.165665,170.15905800000002,39.835209000000006,196.53100600000002,83.117836,134.781021,62.360001000000004
2019-06-20,1861.310059,181.578522,66.146484,266.143433,182.169998,27.435329,23.342049,375.869995,114.25862099999999,74.75,71.611755,234.97000099999997,111.203957,196.449783,173.19957,39.626751,198.110245,84.799095,136.032578,63.52
2019-06-21,1880.0,184.567352,65.411743,263.829041,183.970001,27.298346000000002,23.183729,376.269989,114.189415,73.940002,71.592072,239.08999599999999,110.819176,193.672501,172.900513,39.755795,197.434845,85.30645799999999,136.05246,63.779999
2019-06-24,1870.810059,182.318329,64.275345,264.657013,181.020004,27.014603,22.985832000000002,375.48999,114.32783500000001,73.769997,72.025246,235.91000400000001,111.223701,194.220001,173.309235,39.418293,197.236206,84.06291999999999,136.857025,63.560001
2019-06-25,1845.469971,181.933624,63.2467,259.100525,180.149994,27.268993,22.71867,374.459991,114.060875,73.379997,71.424706,240.289993,109.99039499999999,192.906021,170.747223,38.73336,194.24658200000002,82.19265,132.536163,63.330002
2019-06-26,1830.219971,180.680893,61.835995,260.666718,177.66000400000001,27.640798999999998,22.392139,368.190002,110.08614299999999,73.389999,73.787476,238.07000699999998,112.900986,193.00555400000002,170.527908,38.912040999999995,198.44795200000002,82.123009,133.032822,63.599998
2019-06-27,1845.1700440000002,181.519348,62.38460500000001,260.46722400000004,178.580002,28.384409,22.421823999999997,367.570007,110.214684,73.360001,74.26003299999999,239.770004,114.31186699999999,194.438995,170.697372,39.001381,198.388367,83.227272,133.251343,63.57
2019-06-28,1874.709961,181.775803,62.796055,263.888916,183.380005,28.668156,22.71867,369.320007,109.54234299999999,74.739998,74.890106,233.86999500000002,113.22657,194.419083,173.010162,39.209835,196.580658,83.515762,133.062622,63.830002
2019-07-01,1898.4200440000002,183.81768799999998,62.913619999999995,266.12347400000004,181.83999599999999,28.335487,22.768147,374.339996,111.47038300000001,74.970001,76.317612,235.49000499999997,115.6241,197.425323,173.398956,39.596973,200.186111,84.968216,134.771103,64.769997
2019-07-02,1907.9899899999998,184.10372900000002,63.824699,269.914276,179.529999,28.188723,22.77804,383.089996,112.91394,74.800003,75.815529,236.36999500000002,114.509201,199.346497,174.734772,39.785576,201.358109,84.520538,135.665085,64.650002
2019-07-03,1919.6500239999998,186.01736499999998,64.16758,272.418152,183.259995,28.462684999999997,23.282679,386.22000099999997,113.13146200000001,74.970001,75.441422,238.270004,114.390808,201.685791,176.319824,39.606903,203.026749,85.75412,136.539185,65.949997
2019-07-05,1924.75,183.41323899999998,64.187164,271.48046899999997,178.33999599999999,28.20829,23.391521,386.040009,111.549477,74.599998,75.470955,234.25,114.203346,200.511169,176.110489,39.507633,202.847961,86.370926,136.141846,65.91999799999999
2019-07-08,1875.7600100000002,179.76353500000002,64.324333,270.901154,176.75,28.492039000000002,23.58942,386.269989,110.264122,74.139999,75.441422,230.83999599999999,113.394295,196.678726,175.641953,39.249542,198.666458,88.022339,136.042526,66.0
2019-07-09,1877.869995,179.12236000000001,64.667213,273.008606,178.46000700000002,28.218077,23.678476,385.209991,111.806549,75.260002,75.362663,234.22000099999997,114.232933,197.146591,177.177155,39.646606,199.87822,87.58461,135.545883,64.760002
2019-07-10,1869.390015,179.79312099999999,64.951309,275.04614300000003,178.759995,27.826702,23.777424,389.200012,113.240219,75.779999,73.206627,232.42999300000002,115.08144399999999,198.858749,178.752243,39.716087,201.854736,86.987724,136.926559,65.029999
2019-07-11,1874.1700440000002,175.581146,64.147987,277.982574,176.009995,27.523386,23.559734,393.47000099999997,108.58326699999999,76.790001,72.566704,231.600006,115.16037800000001,200.740128,180.177795,39.309101,200.38475,87.833313,137.47287,64.800003
2019-07-12,1882.47998,172.55285600000002,64.265541,279.20108,175.78999299999998,27.719071999999997,23.74774,401.829987,107.07049599999999,77.33000200000001,73.738251,231.419998,116.738998,204.373474,179.769073,39.765724,201.924271,88.65902700000001,137.969528,65.0
2019-07-15,1881.910034,173.726685,64.187164,279.031281,176.369995,27.357052000000003,23.26289,403.230011,107.248474,77.5,74.26003299999999,233.61999500000002,118.23868600000002,204.064896,180.008347,39.974182,203.82135,89.017166,137.969528,65.260002
2019-07-16,1888.9000239999998,175.05835,64.15778399999999,276.284607,176.16000400000001,27.826702,23.005623,405.549988,107.594521,77.470001,74.496307,231.55000299999998,117.09418500000001,204.044983,178.752243,39.626751,203.116135,88.141716,136.161728,65.790001
2019-07-17,1867.7399899999998,174.65391499999998,63.726738,274.946259,177.139999,27.582094,22.154660999999997,399.640015,105.884003,77.040001,74.58491500000001,229.440002,115.61423500000001,201.845078,178.59274299999998,38.743286,201.97392299999998,87.04740100000001,135.35716200000002,65.739998
2019-07-18,1885.910034,177.10022,63.73653,276.444427,178.08999599999999,27.572308000000003,22.164555,403.190002,107.119926,77.809998,73.216476,232.229996,116.98566399999999,203.338226,179.968445,39.477856,204.268295,86.987724,135.506134,64.970001
2019-07-19,1882.089966,175.96583600000002,62.619719999999994,275.265869,174.130005,27.415758,22.085398,396.820007,105.587387,77.510002,73.8367,231.270004,115.693169,199.973633,178.68246499999998,39.914619,201.21907,86.10231800000001,135.704803,63.259997999999996
2019-07-22,1893.699951,173.49981699999998,61.708641,278.272186,174.080002,27.298346000000002,22.026028,394.77999900000003,106.061981,78.239998,74.77196500000001,232.479996,116.600876,201.347351,180.008347,40.371239,205.817734,85.525322,137.50267,63.529999
2019-07-23,1900.25,173.618179,62.38460500000001,278.631775,175.240005,27.17115,22.035923,392.390015,107.001282,79.230003,72.970352,243.88000499999998,118.46561399999999,201.725601,180.33728,40.728596,207.426758,86.25153399999999,138.35690300000002,64.099998
2019-07-24,1919.25,173.381454,62.590332,279.910217,173.33999599999999,27.386404,21.877605,396.5,107.29789699999999,79.370003,74.693207,241.24000499999997,127.276299,202.103882,182.75975,40.728596,207.257935,86.25153399999999,139.777344,64.739998
2019-07-25,1926.130005,171.744003,62.296436,279.011322,169.559998,26.848267,21.560968,376.0,106.60578899999999,79.139999,74.181274,238.210007,125.648338,199.94378700000001,181.025146,40.510216,205.619095,86.82854499999999,139.250885,64.160004
2019-07-26,1966.8499760000002,172.957291,62.619719999999994,281.728027,166.830002,26.858051,18.958612,383.790009,107.05072,79.43,74.053291,238.210007,126.447525,202.472183,183.118622,40.927128,206.33421299999998,87.087204,140.39318799999998,65.199997
2019-07-29,1919.550049,173.687241,62.93320799999999,281.098785,166.229996,27.190720000000002,18.928925,389.820007,107.495651,78.300003,73.807175,237.11000099999998,128.233337,200.55098,182.640121,41.264629,208.261078,87.166786,140.085266,65.389999
2019-07-30,1916.589966,174.052216,63.197722999999996,277.82275400000003,169.53999299999998,27.259210999999997,19.126825,383.350006,107.46599599999999,77.82,73.64964300000001,241.50999500000003,127.57826200000001,201.31749,180.965347,41.076031,207.367172,86.74895500000001,139.409821,65.510002
2019-07-31,1886.609985,184.04453999999998,63.01158100000001,271.93987999999996,166.619995,27.092876,18.958612,380.76001,107.72306100000002,77.529999,72.025246,237.82000699999998,124.074684,213.362274,177.44632,40.887421,211.59835800000002,85.58500699999999,135.35716200000002,64.470001
2019-08-01,1879.859985,183.472427,62.227856,273.827606,179.28999299999998,26.877619,18.533131,374.799988,109.26550300000001,76.739998,70.095642,243.059998,122.526352,215.064484,178.612686,40.79808,207.019531,82.690063,137.135162,63.459998999999996
2019-08-02,1846.0799559999998,184.675858,62.217957,269.12332200000003,178.389999,26.877619,18.077967,369.929993,111.15398400000001,76.139999,70.046417,242.270004,120.90855400000001,213.32247900000002,176.86811799999998,40.281902,202.639389,80.720299,135.982925,62.389998999999996
2019-08-05,1788.5999760000002,179.03358500000002,60.426159,256.528595,175.559998,26.124226,17.266586,363.619995,107.48576399999999,73.400002,67.732872,235.210007,116.05513799999999,201.765427,168.334747,38.524906,192.031647,78.561523,131.324356,58.959998999999996
2019-08-06,1786.52002,181.953354,60.257866,264.3591,176.940002,26.329695,17.108269,373.559998,110.14546999999999,74.599998,67.11264,240.169998,118.10965,205.358963,171.94348100000002,39.398441,195.666885,80.879478,133.787735,60.18
2019-08-07,1821.560059,181.045853,60.277668000000006,268.98349,175.649994,26.515597999999997,17.36688,375.839996,109.868622,75.050003,68.32356300000001,237.580002,119.81678000000001,207.300064,174.77465800000002,39.428222999999996,197.693085,80.859573,134.373779,60.389998999999996
2019-08-08,1941.0100100000002,182.71289099999998,61.802181000000004,277.702911,182.940002,27.102660999999998,17.57576,381.589996,112.686531,75.639999,70.154709,238.229996,123.379921,213.670868,179.340408,40.946983,202.053375,82.570679,137.959595,62.18
2019-08-09,1917.689941,193.583145,61.307209,274.616669,182.979996,26.877619,17.277361,378.309998,112.488777,75.620003,70.390991,235.80000299999998,119.707603,213.153259,178.493057,40.013889,200.388382,81.555962,136.787506,59.23
2019-08-12,1916.890015,202.983643,60.544952,269.672638,179.83999599999999,26.505814,17.257467000000002,370.839996,112.32069399999999,75.290001,68.717361,230.960007,119.181572,211.95871,175.791473,39.448074,199.879898,81.22766899999999,134.880356,56.48
2019-08-13,1943.189941,203.319016,60.861731999999996,274.197144,183.91000400000001,27.180934999999998,16.899387,373.540009,114.39704099999999,76.290001,71.06044,233.229996,122.417175,212.52612299999998,178.054428,40.678967,208.344498,82.889023,137.671555,58.040001000000004
2019-08-14,1891.189941,197.557297,59.58470500000001,266.82611099999997,179.529999,26.593871999999998,16.073814000000002,369.429993,109.65929399999999,74.309998,69.780609,226.72000099999997,119.697678,205.567993,172.970276,39.348808,202.143112,80.610863,133.52563500000002,56.110001000000004
2019-08-15,1904.6700440000002,197.9944,59.713398,271.560364,181.119995,26.662363,16.213066,375.429993,109.59964,74.550003,70.056267,227.63000499999998,118.95328500000001,208.99231,175.97525,39.15028,201.136139,79.09874,133.226654,56.950001
2019-08-16,1922.189941,202.67330900000002,60.634048,274.02734399999997,184.940002,26.926540000000003,16.38216,381.640015,109.887978,75.5,72.14337900000001,231.67999300000002,121.90106999999999,213.3125,177.931961,39.726017,205.88188200000002,79.864754,135.668365,57.18
2019-08-19,1943.72998,204.640228,60.77264,277.73287999999997,187.08999599999999,27.083090000000002,16.660667,385.769989,111.886482,76.18,73.708725,235.72000099999997,123.66774699999999,217.04415899999998,179.43945300000001,40.0933,209.72036699999998,80.71035,137.940628,57.799999
2019-08-20,1934.4000239999998,201.828918,59.7332,276.70413199999996,183.720001,26.623224,16.720346,383.23999,110.375183,75.790001,74.890106,231.27999900000003,123.379921,216.15614300000001,178.940292,39.735943,209.730331,80.113457,136.794525,57.84
2019-08-21,1955.75,202.593842,59.53521,281.668091,186.399994,26.466677,16.750187,384.0,110.82260900000001,76.870003,75.51033000000001,233.17999300000002,125.096977,218.550781,180.637451,40.083374,212.00351,82.312027,138.319321,58.029999
2019-08-22,1952.469971,202.077271,59.594607999999994,280.42956499999997,184.21000700000002,26.613443,16.730293,382.179993,110.971748,76.239998,75.953354,232.059998,124.27318600000001,216.28585800000002,179.788864,39.706161,211.82405099999997,82.879074,137.312759,57.150002
2019-08-23,1898.6700440000002,197.76591499999998,58.218586,271.560364,180.179993,26.134007999999998,16.750187,377.339996,108.88375900000001,73.68,72.379654,225.850006,119.389999,209.930084,174.936981,38.415714,202.033447,80.023926,132.937653,56.080002
2019-08-26,1916.810059,204.054138,58.862044999999995,276.094849,180.639999,26.574305,16.461733,378.649994,111.140778,73.779999,71.77912099999999,223.75999500000003,120.759674,211.785919,177.293045,39.110572999999995,205.871918,81.824554,134.99066200000001,56.650002
2019-08-27,1919.9899899999998,205.127014,58.644259999999996,276.304626,178.25,26.319909999999997,16.511467,376.920013,110.09678600000001,74.629997,72.822678,220.789993,121.26586200000001,212.793671,178.081726,38.713509,203.548889,81.605698,135.279678,56.57
2019-08-28,1942.0,206.15020800000002,58.881847,277.902649,178.33999599999999,26.300340999999996,16.700454999999998,383.72000099999997,110.33541100000001,75.010002,73.19678499999999,221.07000699999998,121.82166299999999,213.88124100000002,178.371231,39.795502,204.914795,83.048203,135.100281,58.080002
2019-08-29,1957.140015,205.61377,59.663902,281.038849,178.979996,23.844471,17.138107,385.440002,111.60808600000001,75.739998,75.264206,220.16000400000001,122.645454,215.87677000000002,180.86705,40.232269,208.384369,84.938362,137.65159599999998,57.610001000000004
2019-08-30,1966.410034,207.24293500000002,59.861893,281.02887000000004,180.020004,23.697704,17.028694,383.76001,112.323975,75.389999,76.56373599999999,219.75,122.82411200000001,215.09851099999997,180.517654,40.132659999999994,208.115189,84.28009,137.39248700000002,58.669998
2019-09-03,1941.780029,204.163406,60.594448,279.770386,178.699997,23.736843,16.929228,383.859985,113.308311,74.760002,73.954842,217.440002,120.82914699999999,212.663956,178.900345,39.584808,205.084274,84.449646,135.57865900000002,57.639998999999996
2019-09-04,1958.790039,204.95813,60.901332999999994,285.753143,176.830002,23.658567,17.038639,388.609985,112.60237099999999,75.660004,75.894287,219.289993,123.657822,213.222702,181.466064,39.485199,208.563843,86.125275,137.16326899999999,58.060001
2019-09-05,1994.439941,206.27934299999998,61.297306000000006,291.725861,179.860001,23.717272,17.307199,396.579987,113.944649,80.610001,77.764816,223.960007,125.86121399999999,219.08958399999997,184.421097,40.640667,212.641586,88.18988,139.575058,58.77
2019-09-06,1967.630005,206.35881,62.118961,291.02673300000004,181.330002,23.619429,17.4564,399.730011,113.397797,81.379997,77.617142,224.57000699999998,126.13911399999999,220.04742400000003,185.429428,40.212345,212.621643,88.459183,138.628296,57.169998
2019-09-09,1992.25,201.004395,62.188258999999995,283.016449,174.809998,23.678137,18.301867,402.619995,110.43483700000002,82.290001,76.99691,230.0,126.149048,216.88450600000002,181.246429,41.238327000000005,213.528931,88.43923199999999,137.05365,57.23
2019-09-10,2018.7600100000002,195.570496,63.01981,271.999817,171.009995,23.922745000000003,18.490854000000002,407.679993,110.464661,80.959999,77.489159,233.0,126.08949299999999,210.987717,176.05513,40.11274,216.051346,86.604027,135.61853,57.759997999999996
2019-09-11,2050.159912,194.547302,63.603878,269.622711,173.110001,24.108646,18.908613,404.769989,111.05129199999999,80.75,79.28523299999999,235.960007,127.61797299999999,212.614075,174.687408,39.744186,222.92073100000002,86.524231,135.658386,56.869999
2019-09-12,2041.410034,192.719452,63.48508100000001,276.06487999999996,172.449997,23.821875,18.550532999999998,393.899994,110.83255,80.879997,78.471542,232.309998,129.245697,212.504318,177.68238799999997,40.132659999999994,222.42222599999997,87.441833,137.05365,57.450001
2019-09-13,2063.899902,194.179749,62.831722,275.984985,174.940002,23.900984,18.709681,390.850006,110.255867,81.809998,77.806702,236.63000499999998,128.640274,211.80587799999998,176.973587,40.212345,218.095215,87.092751,136.854324,58.860001000000004
2019-09-16,2072.949951,192.79891999999998,63.267295999999995,273.747681,177.550003,23.792208,18.0532,380.440002,109.500206,82.18,77.439545,236.11999500000002,127.39962,212.853546,175.815521,40.14262,219.241776,87.042877,135.867676,59.23
2019-09-17,2077.439941,195.421494,62.693130000000004,275.91507,176.0,23.782318,18.252133999999998,391.570007,110.48455,83.440002,78.084541,238.69999700000002,128.59063700000002,217.67276,176.154953,40.371722999999996,220.03938300000002,87.362045,136.92408799999998,57.990002000000004
2019-09-18,2058.3701170000004,193.752579,62.287251,274.766479,174.520004,23.782318,18.232241000000002,390.48999,112.075401,82.57,78.292923,235.169998,128.342514,216.275879,174.99688700000002,40.202389000000004,222.10319500000003,87.850769,138.05024699999998,58.360001000000004
2019-09-19,2058.570068,194.358551,62.148658999999995,275.5755,176.139999,23.485659,18.073093,389.929993,113.696075,82.230003,77.62808199999999,235.61999500000002,127.866104,216.086304,175.665771,40.242233,220.29861499999998,87.471756,140.591614,58.790001000000004
2019-09-20,2031.569946,195.640045,61.990269,270.841248,178.119995,23.159332,17.953733,398.859985,115.49573500000001,82.58000200000001,75.85185200000001,238.789993,125.72226,213.60186800000002,173.768936,40.202389000000004,217.07826200000002,86.454414,138.96713300000002,58.349998
2019-09-23,2009.410034,196.45462,62.217957,272.81881699999997,175.880005,23.475769,18.023360999999998,397.880005,113.527054,81.800003,76.645691,239.960007,126.814034,214.89897200000001,174.617523,40.082859,218.06530800000002,87.461784,138.668152,59.119999
2019-09-24,1990.640015,195.252609,61.544792,270.79129,172.520004,23.436216,17.84432,394.670013,112.60237099999999,81.690002,74.651169,236.19999700000002,124.868698,210.10967999999997,174.188232,39.405514000000004,217.028412,86.95311,136.914124,58.810001
2019-09-25,1993.530029,194.765839,62.712929,272.419312,171.5,23.297773,17.48624,394.77999900000003,110.753006,81.040001,76.665543,235.899994,126.784256,213.25263999999999,174.986908,39.086760999999996,220.36839300000003,90.573662,138.887405,58.369999
2019-09-26,1978.449951,194.090347,63.049507,273.557953,169.550003,23.376883,17.078426,396.160004,111.18055,80.910004,76.754852,230.22000099999997,127.15148899999998,212.703873,175.356277,38.768009,219.23181200000002,91.930122,139.066788,57.77
2019-09-27,1944.25,193.653244,63.415787,268.80371099999996,166.740005,23.070332999999998,17.436508,394.480011,111.727402,79.709999,76.04039,230.22000099999997,126.188744,205.420181,173.709045,38.220158000000005,218.16502400000002,92.06975600000001,137.262924,57.810001
2019-09-30,1962.609985,192.232681,63.029709,271.240753,169.419998,23.357107,17.476294,398.51001,111.190491,80.33000200000001,75.693085,232.82000699999998,128.27304099999998,204.37252800000002,171.722366,38.827774,223.29959100000002,93.675568,138.558517,58.060001
2019-10-01,1978.030029,191.914795,62.128859999999996,270.611511,167.580002,23.129665,17.48624,400.670013,110.32546200000002,79.529999,74.88932,227.19999700000002,127.62789199999999,201.03999299999998,173.99855,38.389496,223.91773999999998,92.03984100000001,136.605179,56.419998
2019-10-02,1941.439941,187.961075,62.118961,264.159363,166.71000700000002,23.169220000000003,17.038639,390.440002,106.388107,77.43,73.4207,221.25999500000003,125.89099099999999,196.37043799999998,169.546021,38.020939,218.304596,91.251892,134.193375,55.119999
2019-10-03,1961.449951,191.348557,62.792126,267.964722,170.5,23.287884,17.57576,387.350006,106.67645300000001,79.220001,75.147316,222.5,127.737076,199.114288,172.58093300000002,37.8018,220.159027,91.979996,135.817841,55.619999
2019-10-04,1983.199951,194.29895,63.39599200000001,273.727722,172.419998,23.139553,17.884107999999998,390.619995,107.581245,79.989998,76.89376800000001,224.0,129.166306,203.105362,175.68573,38.160393,226.33049,92.827782,137.65159599999998,56.580002
2019-10-07,1951.560059,195.868515,62.940617,271.859985,172.050003,23.297773,18.073093,388.950012,107.21336399999998,79.760002,75.752617,226.99000499999997,127.88595600000001,207.74498,174.607529,37.672306,226.38034100000002,92.927521,136.654999,55.73
2019-10-08,1938.189941,194.785721,62.17836,267.070007,169.550003,22.852783,17.595654,387.630005,106.577026,80.150002,72.289474,221.940002,124.04491399999999,205.300446,172.131683,37.174259,223.728302,91.511215,135.209915,55.880001
2019-10-09,1943.3299559999998,195.391693,61.831879,272.23999,168.729996,23.001112,17.24752,395.329987,106.686401,80.480003,73.77793100000001,222.13000499999998,126.48650400000001,209.181747,174.58758500000002,37.702187,226.350433,92.279213,137.77121,56.279999
2019-10-10,1962.910034,197.368546,61.56459399999999,273.829987,170.220001,23.366993,17.416615,398.799988,106.30856299999999,81.059998,74.39316600000001,223.0,126.77433799999999,210.578629,174.58758500000002,37.781876000000004,229.40127599999997,92.757965,138.628296,56.119999
2019-10-11,1977.180054,199.474564,62.01006700000001,275.910004,172.41000400000001,23.366993,17.466347,401.350006,107.740334,81.370003,76.109848,223.210007,129.116669,213.62182599999997,176.763931,38.399456,235.50296,93.635674,139.206314,56.299999
2019-10-14,1988.75,201.55076599999998,61.56459399999999,276.380005,173.58999599999999,23.347217999999998,17.496187,401.390015,107.282967,81.68,75.712929,225.75999500000003,128.779221,213.99099700000002,177.063431,38.210196999999994,235.163971,94.633072,139.076767,56.549999
2019-10-15,2016.390015,203.30908200000002,62.821822999999995,278.559998,176.139999,23.17911,17.894054,403.75,109.07267,81.739998,77.221237,226.059998,130.704712,218.201569,178.451111,38.728168,234.615631,94.543312,141.08992,56.290001000000004
2019-10-16,2027.630005,201.868652,62.316952,278.269989,176.08999599999999,23.337328,17.754801,407.75,107.332672,81.379997,77.62808199999999,227.72000099999997,128.531082,216.665009,177.57257099999998,38.768009,233.668457,94.633072,139.93383799999998,56.52
2019-10-17,2028.530029,202.21633899999998,62.01006700000001,276.51001,177.720001,23.455992000000002,17.804533,407.170013,107.83976000000001,81.019997,78.36238900000001,225.600006,129.15638700000002,218.28138700000002,177.642456,38.937346999999995,234.575745,95.311302,139.21627800000002,56.560001
2019-10-18,2013.530029,201.38188200000002,61.792278,270.630005,176.229996,23.020891,17.854267,403.200012,108.01873,82.32,77.082314,220.059998,128.49139399999999,216.81468199999998,175.416199,38.6684,235.70236200000002,95.849899,136.944016,56.060001
2019-10-21,2022.2399899999998,201.5905,62.742626,274.299988,183.529999,23.465881,18.152668,402.47000099999997,107.29290800000001,83.620003,78.372314,223.50999500000003,129.950378,218.800217,176.13497900000002,39.106682,239.790085,95.969589,137.96054099999998,56.290001000000004
2019-10-22,2023.050049,203.47796599999998,63.009914,261.26001,191.059998,24.078981,18.421228,400.399994,109.211868,83.129997,77.86623399999999,281.869995,127.60805500000001,212.72383100000002,170.574295,38.787929999999996,239.241745,95.351196,135.907532,55.939999
2019-10-23,2032.22998,201.977936,64.05925,260.850006,190.509995,24.336088,18.421228,400.52999900000003,106.78582800000001,83.040001,76.645691,278.820007,118.06002,211.496582,171.033539,39.046917,242.452087,92.079735,136.774597,56.200001
2019-10-24,2043.75,201.719635,63.871159,268.75,194.470001,24.593193,18.361546,437.299988,107.22330500000001,84.629997,78.382233,285.679993,117.52407099999999,215.09851099999997,175.865433,35.480896,242.85089100000002,91.261871,139.465439,56.610001000000004
2019-10-25,2055.929932,201.70971699999998,63.633575,270.190002,194.490005,24.899742,18.709681,438.540009,109.569809,83.940002,79.553154,288.040009,119.60835300000001,215.52754199999998,177.552612,35.700039000000004,245.841919,90.68338,140.252747,56.349998
2019-10-28,2057.050049,203.656769,63.39599200000001,275.929993,194.020004,24.652525,18.013414,442.19000199999994,112.343857,83.980003,82.410995,295.540009,119.10216499999999,215.806915,179.539276,35.799648,248.30452000000002,90.613564,143.701019,55.970001
2019-10-29,2042.800049,207.610504,64.494827,274.290009,197.889999,24.632748,18.858879,434.35000599999995,111.031403,84.68,81.031693,297.5,119.389999,219.907745,177.332977,35.968987,242.561752,89.047646,142.345642,56.150002
2019-10-30,2049.550049,209.488022,66.039139,277.149994,199.279999,24.840412,18.391385999999997,436.69000199999994,112.075401,84.0,80.813385,299.890015,117.790001,217.752579,178.95027199999998,35.719959,242.53184500000003,89.95528399999999,144.119598,56.150002
2019-10-31,2048.77002,211.842377,64.969994,276.809998,195.479996,24.711857000000002,18.540585999999998,435.51000999999997,113.298363,82.639999,79.821075,298.709991,117.989998,220.197098,178.560913,35.112343,248.01538100000002,89.316948,142.883804,56.130001
2019-11-01,2032.02002,216.51135299999999,64.970001,279.049988,200.940002,24.672304,18.331707,437.01000999999997,111.8666,82.910004,82.93692,299.200012,118.040001,220.007523,180.627457,35.112343,255.05426,88.947906,143.23262,56.25
2019-11-04,2007.680054,212.99472000000003,65.769997,276.329987,199.419998,24.672304,18.65,436.48999000000003,112.463173,82.139999,84.435295,293.429993,120.970001,217.513107,178.650772,35.271716999999995,256.729218,89.626137,144.059799,56.09
2019-11-05,2025.430054,213.66030899999998,65.360001,269.0,197.139999,24.741524,18.110001,433.72000099999997,110.613808,82.25,84.802452,292.179993,119.860001,212.584137,176.075073,35.341442,256.360352,89.64608,143.970108,56.470001
2019-11-06,2012.089966,214.971588,65.260002,269.859985,195.970001,24.840412,18.379998999999998,440.829987,113.169113,81.860001,83.978836,289.0,120.360001,215.318024,176.474411,35.361366,256.47000099999997,89.24713100000001,143.571457,55.990002000000004
2019-11-07,1849.930054,216.55110200000001,64.949997,272.790009,195.830002,24.860188,18.360001,440.26000999999997,112.125114,81.620003,89.287674,286.869995,119.91999799999999,217.78251600000002,178.13163799999998,34.753746,259.429993,90.164734,143.770782,56.639998999999996
2019-11-08,1879.189941,219.65049700000003,65.769997,274.890015,201.309998,24.148201,18.370001000000002,439.23001100000005,112.88076799999999,81.459999,93.306511,293.25,120.110001,217.64282200000002,178.67073100000002,35.002773,260.140015,89.576263,145.465027,58.16
2019-11-11,1896.040039,219.24319500000001,65.699997,277.0,201.899994,24.326199,17.74,439.950012,112.154945,82.970001,91.133354,294.140015,118.08000200000001,217.563004,179.239777,35.112343,262.200012,89.81564300000001,145.614517,58.029999
2019-11-12,1875.839966,219.84918199999998,64.68,277.140015,203.860001,24.306421,17.799999,439.910004,112.522827,82.300003,90.27005799999999,291.399994,119.019997,216.974319,179.43945300000001,34.933044,261.959991,89.267075,146.571259,58.400002
2019-11-13,1859.089966,218.22000099999997,64.870003,278.070007,207.100006,24.049314000000003,17.9,441.64001500000006,112.145004,83.599998,89.773903,281.890015,118.41999799999999,218.251465,179.110001,34.504723,264.47000099999997,91.052414,146.81044,58.950001
2019-11-14,1865.550049,218.5,65.370003,279.630005,205.0,24.46464,17.85,443.19000199999994,111.389999,85.82,89.783829,275.149994,117.57,218.371185,179.75,34.823475,262.640015,91.032463,147.55789199999998,58.93
2019-11-15,1848.819946,220.86000099999998,65.389999,280.77999900000003,209.80000299999998,24.642637,18.17,445.23001100000005,113.190002,85.989998,90.11128199999999,282.269989,118.0,219.658295,179.770004,35.132263,265.76001,92.797859,149.461426,58.639998999999996
2019-11-18,1838.030029,220.669998,65.089996,280.859985,210.0,24.583305,17.17,449.89001500000006,114.07,86.0,89.783829,282.619995,117.889999,220.88555899999997,179.66000400000001,34.962925,267.100006,93.934898,149.83016999999998,59.029999
2019-11-19,1845.300049,224.5,64.529999,285.309998,215.0,24.375641,16.9,444.57000700000003,115.099998,86.379997,87.283211,285.429993,117.839996,223.36999500000002,182.770004,34.923084,266.290009,93.36637900000001,149.87999,58.560001
2019-11-20,1851.819946,225.50999500000003,63.959998999999996,285.380005,215.07000699999998,24.217422,16.389999,438.700012,114.610001,84.91999799999999,84.96122,285.399994,116.230003,223.91000400000001,181.66000400000001,34.723865999999994,263.190002,92.807838,149.619995,58.0
2019-11-21,1873.310059,227.82000699999998,63.220001,284.450012,215.5,24.069092,16.049999,434.94000199999994,114.75,87.849998,84.455147,288.459991,116.099998,224.13999900000002,179.889999,34.803551,262.01001,91.920158,149.479996,58.400002
2019-11-22,1877.530029,230.74000499999997,63.09,282.570007,218.0,24.2372,16.389999,438.26000999999997,116.199997,89.260002,84.23683199999999,299.079987,117.010002,222.94999700000002,179.470001,34.982849,261.77999900000003,93.097076,149.58999599999999,58.630001
2019-11-25,1897.540039,234.539993,63.57,287.609985,223.270004,24.128424,16.690001000000002,438.0,117.470001,89.940002,84.633759,302.609985,119.010002,225.74000499999997,180.970001,35.709998999999996,266.369995,92.658226,151.229996,58.66
2019-11-26,1887.459961,234.38999900000002,64.379997,289.380005,219.05000299999998,24.138313,16.01,442.27999900000003,117.089996,90.800003,83.978836,302.98999,119.129997,226.729996,182.550003,35.61039,264.290009,93.087112,152.029999,59.639998999999996
2019-11-27,1906.449951,234.539993,64.470001,291.700012,220.059998,24.444862,16.25,445.660004,117.440002,90.230003,84.14753,303.350006,121.730003,226.52999900000003,184.369995,35.709998999999996,267.839996,93.894997,152.320007,60.09
2019-11-29,1904.030029,234.72000099999997,64.57,292.230011,221.75,24.108646,15.94,442.27999900000003,117.349998,89.0,82.90715,299.809998,120.209999,226.669998,184.509995,35.52,267.25,93.489998,151.380005,59.82
2019-12-02,1884.439941,233.479996,63.369999,286.47000099999997,220.789993,23.802097,16.0,446.35998499999994,116.739998,87.959999,81.815605,292.390015,118.790001,225.19999700000002,181.78999299999998,34.900002,264.160004,93.559998,149.550003,59.810001
2019-12-03,1879.97998,232.770004,64.230003,287.089996,221.13000499999998,23.337328,15.71,438.64001500000006,117.610001,87.279999,79.959999,290.700012,117.75,224.80000299999998,181.899994,34.75,259.450012,92.459999,149.309998,58.990002000000004
2019-12-04,1921.530029,233.88000499999998,64.550003,286.839996,223.91000400000001,23.129665,16.1,442.089996,118.66999799999999,87.050003,82.08000200000001,289.519989,120.279999,226.80000299999998,180.600006,34.970001,261.73999,93.720001,149.850006,60.389998999999996
2019-12-05,1904.219971,233.41000400000001,64.449997,289.850006,223.07000699999998,23.1,15.96,441.040009,119.769997,88.239998,82.589996,299.390015,120.739998,229.36000099999998,181.889999,34.790001000000004,265.579987,95.790001,149.929993,59.919998
2019-12-06,1930.27002,233.770004,65.559998,290.399994,223.25,23.5,16.08,445.57000700000003,119.639999,88.58000200000001,83.82,300.26001,122.370003,231.770004,182.169998,34.860001000000004,270.709991,97.0,151.75,60.040001000000004
2019-12-09,1916.6500239999998,234.059998,65.614998,289.700012,223.059296,23.35,16.174999,442.44000199999994,119.184998,88.224998,84.650002,301.299988,122.220001,232.374802,182.509995,34.799999,269.730011,96.589996,151.795197,60.084998999999996
